sub_id,emp_id,tool_name,monthly_cost,license_status
SUB-86011,2824,Asana,25,Active
SUB-96499,2824,Slack,15,Active
SUB-74178,2824,Tableau,70,Active
SUB-29476,2824,Zoom,20,Active
SUB-68529,2535,Asana,25,Active
SUB-80592,2535,Slack,15,Active
SUB-73483,2535,Zoom,20,Active
SUB-55236,3615,Asana,25,Active
SUB-53573,3615,HubSpot,90,Active
SUB-82340,3615,Monday.com,30,Active
SUB-81228,3615,Zoom,20,Active
SUB-59441,3615,Slack,15,Active
SUB-69682,3615,Figma,45,Active
SUB-52176,8527,Asana,25,Active
SUB-34727,8527,Slack,15,Active
SUB-41300,8527,Notion,12,Active
SUB-84946,8527,Zoom,20,Active
SUB-60196,2307,Asana,25,Active
SUB-40613,2307,Slack,15,Active
SUB-63841,2307,Zoom,20,Active
SUB-15720,2169,Notion,12,Active
SUB-51704,2169,Adobe CC,80,Active
SUB-71993,2169,Zoom,20,Active
SUB-59968,2169,Slack,15,Active
SUB-60604,2169,Figma,45,Active
SUB-96991,4752,Asana,25,Active
SUB-95461,4752,Slack,15,Active
SUB-29936,4752,Notion,12,Active
SUB-74923,4752,Zoom,20,Active
SUB-14852,3340,Asana,25,Active
SUB-26547,3340,Slack,15,Active
SUB-75836,3340,Zoom,20,Active
SUB-87356,9348,Asana,25,Active
SUB-53515,9348,Slack,15,Active
SUB-23154,9348,Zoom,20,Active
SUB-67711,9669,Asana,25,Active
SUB-23069,9669,Slack,15,Active
SUB-78937,9669,Zoom,20,Active
SUB-69890,8123,Notion,12,Active
SUB-12011,8123,Adobe CC,80,Active
SUB-28894,8123,Zoom,20,Active
SUB-63736,8123,Slack,15,Active
SUB-95823,8123,Figma,45,Active
SUB-30232,4258,Asana,25,Active
SUB-19807,4258,Slack,15,Active
SUB-71537,4258,Zoom,20,Active
SUB-44737,1949,Asana,25,Active
SUB-54375,1949,Slack,15,Active
SUB-91691,1949,Notion,12,Active
SUB-62098,1949,Zoom,20,Active
SUB-95175,3705,Asana,25,Active
SUB-20527,3705,HubSpot,90,Active
SUB-53065,3705,Monday.com,30,Active
SUB-98389,3705,Zoom,20,Active
SUB-79942,3705,Slack,15,Active
SUB-59808,3705,Figma,45,Active
SUB-51505,8177,HubSpot,90,Active
SUB-92155,8177,Slack,15,Active
SUB-73956,8177,Salesforce,150,Active
SUB-80912,8177,Zoom,20,Active
SUB-14705,1964,Asana,25,Active
SUB-90931,1964,HubSpot,90,Active
SUB-18968,1964,Monday.com,30,Active
SUB-40771,1964,Zoom,20,Active
SUB-92727,1964,Slack,15,Active
SUB-99705,1964,Figma,45,Active
SUB-47667,8744,HubSpot,90,Active
SUB-39817,8744,Slack,15,Active
SUB-21846,8744,Salesforce,150,Active
SUB-66881,8744,Zoom,20,Active
SUB-22903,2612,Notion,12,Active
SUB-93066,2612,Adobe CC,80,Active
SUB-23173,2612,Zoom,20,Active
SUB-68153,2612,Slack,15,Active
SUB-31805,2612,Figma,45,Active
SUB-49251,5092,HubSpot,90,Active
SUB-13794,5092,Slack,15,Active
SUB-16028,5092,Salesforce,150,Active
SUB-52516,5092,Zoom,20,Active
SUB-17355,7658,Asana,25,Active
SUB-48452,7658,Slack,15,Active
SUB-56984,7658,Notion,12,Active
SUB-59131,7658,Zoom,20,Active
SUB-66450,7930,Asana,25,Active
SUB-29080,7930,Slack,15,Active
SUB-42007,7930,Tableau,70,Active
SUB-79621,7930,Zoom,20,Active
SUB-64008,1998,Notion,12,Active
SUB-84177,1998,Adobe CC,80,Active
SUB-99364,1998,Zoom,20,Active
SUB-33600,1998,Slack,15,Active
SUB-32280,1998,Figma,45,Active
SUB-32946,7615,HubSpot,90,Active
SUB-20350,7615,Slack,15,Active
SUB-89887,7615,Salesforce,150,Active
SUB-60140,7615,Zoom,20,Active
SUB-91226,4910,Asana,25,Active
SUB-99539,4910,Slack,15,Active
SUB-41566,4910,Zoom,20,Active
SUB-75230,2638,HubSpot,90,Active
SUB-86435,2638,Slack,15,Active
SUB-28758,2638,Salesforce,150,Active
SUB-40433,2638,Zoom,20,Active
SUB-70443,9666,Asana,25,Active
SUB-93611,9666,Slack,15,Active
SUB-43289,9666,Tableau,70,Active
SUB-70236,9666,Zoom,20,Active
SUB-43466,3546,Asana,25,Active
SUB-97404,3546,Slack,15,Active
SUB-11231,3546,Zoom,20,Active
SUB-70981,7939,HubSpot,90,Active
SUB-47700,7939,Slack,15,Active
SUB-98815,7939,Salesforce,150,Active
SUB-81643,7939,Zoom,20,Active
SUB-30706,2232,Asana,25,Active
SUB-19681,2232,HubSpot,90,Active
SUB-67898,2232,Monday.com,30,Active
SUB-55293,2232,Zoom,20,Active
SUB-87014,2232,Slack,15,Active
SUB-49210,2232,Figma,45,Active
SUB-93746,6974,Notion,12,Active
SUB-65615,6974,Adobe CC,80,Active
SUB-42780,6974,Zoom,20,Active
SUB-69878,6974,Slack,15,Active
SUB-49599,6974,Figma,45,Active
SUB-36111,3532,Asana,25,Active
SUB-60422,3532,Slack,15,Active
SUB-73335,3532,Tableau,70,Active
SUB-23979,3532,Zoom,20,Active
SUB-41091,5371,Asana,25,Active
SUB-59986,5371,HubSpot,90,Active
SUB-84963,5371,Monday.com,30,Active
SUB-57049,5371,Zoom,20,Active
SUB-85341,5371,Slack,15,Active
SUB-48780,5371,Figma,45,Active
SUB-48696,4652,Asana,25,Active
SUB-12875,4652,HubSpot,90,Active
SUB-96275,4652,Monday.com,30,Active
SUB-61879,4652,Zoom,20,Active
SUB-45976,4652,Slack,15,Active
SUB-11061,4652,Figma,45,Active
SUB-99889,1452,Asana,25,Active
SUB-16428,1452,Slack,15,Active
SUB-89482,1452,Zoom,20,Active
SUB-75107,9379,Asana,25,Active
SUB-47512,9379,Slack,15,Active
SUB-40162,9379,Tableau,70,Active
SUB-89569,9379,Zoom,20,Active
SUB-56179,6967,Asana,25,Active
SUB-38705,6967,Slack,15,Active
SUB-93442,6967,Tableau,70,Active
SUB-34920,6967,Zoom,20,Active
SUB-91381,3085,Asana,25,Active
SUB-42850,3085,Slack,15,Active
SUB-98835,3085,Tableau,70,Active
SUB-96400,3085,Zoom,20,Active
SUB-99241,6279,Notion,12,Active
SUB-27927,6279,Adobe CC,80,Active
SUB-92345,6279,Zoom,20,Active
SUB-22735,6279,Slack,15,Active
SUB-92242,6279,Figma,45,Active
SUB-94717,6491,Asana,25,Active
SUB-15167,6491,Slack,15,Active
SUB-50492,6491,Tableau,70,Active
SUB-67779,6491,Zoom,20,Active
SUB-14373,2193,Asana,25,Active
SUB-85965,2193,HubSpot,90,Active
SUB-57823,2193,Monday.com,30,Active
SUB-27224,2193,Zoom,20,Active
SUB-21813,2193,Slack,15,Active
SUB-48680,2193,Figma,45,Active
SUB-52823,7965,Asana,25,Active
SUB-64460,7965,Slack,15,Active
SUB-33021,7965,Notion,12,Active
SUB-36318,7965,Zoom,20,Active
SUB-27322,6198,Asana,25,Active
SUB-80701,6198,Slack,15,Active
SUB-57953,6198,Notion,12,Active
SUB-79579,6198,Zoom,20,Active
SUB-75771,8373,Notion,12,Active
SUB-45720,8373,Adobe CC,80,Active
SUB-31567,8373,Zoom,20,Active
SUB-43681,8373,Slack,15,Active
SUB-73156,8373,Figma,45,Active
SUB-48684,6502,Asana,25,Active
SUB-54396,6502,HubSpot,90,Active
SUB-25095,6502,Monday.com,30,Active
SUB-71385,6502,Zoom,20,Active
SUB-19869,6502,Slack,15,Active
SUB-28449,6502,Figma,45,Active
SUB-39571,9890,Asana,25,Active
SUB-98647,9890,Slack,15,Active
SUB-98395,9890,Zoom,20,Active
SUB-62089,1096,HubSpot,90,Active
SUB-83048,1096,Slack,15,Active
SUB-57942,1096,Salesforce,150,Active
SUB-21836,1096,Zoom,20,Active
SUB-61717,8140,Notion,12,Active
SUB-11824,8140,Adobe CC,80,Active
SUB-44663,8140,Zoom,20,Active
SUB-80329,8140,Slack,15,Active
SUB-26199,8140,Figma,45,Active
SUB-69609,2375,Asana,25,Active
SUB-58311,2375,Slack,15,Active
SUB-98188,2375,Tableau,70,Active
SUB-98125,2375,Zoom,20,Active
SUB-44362,5558,HubSpot,90,Active
SUB-86619,5558,Slack,15,Active
SUB-59941,5558,Salesforce,150,Active
SUB-93695,5558,Zoom,20,Active
SUB-58689,2124,Asana,25,Active
SUB-24201,2124,Slack,15,Active
SUB-98452,2124,Zoom,20,Active
SUB-40647,4571,HubSpot,90,Active
SUB-71797,4571,Slack,15,Active
SUB-13280,4571,Salesforce,150,Active
SUB-91205,4571,Zoom,20,Active
SUB-83584,7149,Notion,12,Active
SUB-52992,7149,Adobe CC,80,Active
SUB-89964,7149,Zoom,20,Active
SUB-39015,7149,Slack,15,Active
SUB-94889,7149,Figma,45,Active
SUB-18285,6688,Notion,12,Active
SUB-93283,6688,Adobe CC,80,Active
SUB-70852,6688,Zoom,20,Active
SUB-49608,6688,Slack,15,Active
SUB-95097,6688,Figma,45,Active
SUB-63516,3506,Asana,25,Active
SUB-25292,3506,HubSpot,90,Active
SUB-28320,3506,Monday.com,30,Active
SUB-15943,3506,Zoom,20,Active
SUB-14877,3506,Slack,15,Active
SUB-49893,3506,Figma,45,Active
SUB-74569,6280,Asana,25,Active
SUB-25220,6280,Slack,15,Active
SUB-22739,6280,Notion,12,Active
SUB-40775,6280,Zoom,20,Active
SUB-80457,3979,Asana,25,Active
SUB-27781,3979,Slack,15,Active
SUB-60940,3979,Notion,12,Active
SUB-69459,3979,Zoom,20,Active
SUB-58629,4937,Asana,25,Active
SUB-97881,4937,HubSpot,90,Active
SUB-80804,4937,Monday.com,30,Active
SUB-64935,4937,Zoom,20,Active
SUB-86983,4937,Slack,15,Active
SUB-30253,4937,Figma,45,Active
SUB-64379,9698,Notion,12,Active
SUB-95841,9698,Adobe CC,80,Active
SUB-22978,9698,Zoom,20,Active
SUB-74139,9698,Slack,15,Active
SUB-90694,9698,Figma,45,Active
SUB-63492,2958,Notion,12,Active
SUB-46666,2958,Adobe CC,80,Active
SUB-14288,2958,Zoom,20,Active
SUB-58566,2958,Slack,15,Active
SUB-38477,2958,Figma,45,Active
SUB-68115,4180,Notion,12,Active
SUB-68287,4180,Adobe CC,80,Active
SUB-40947,4180,Zoom,20,Active
SUB-57537,4180,Slack,15,Active
SUB-23022,4180,Figma,45,Active
SUB-99873,2680,Asana,25,Active
SUB-58147,2680,Slack,15,Active
SUB-81364,2680,Zoom,20,Active
SUB-94518,7565,Asana,25,Active
SUB-57012,7565,Slack,15,Active
SUB-17936,7565,Notion,12,Active
SUB-62184,7565,Zoom,20,Active
SUB-46160,9561,Asana,25,Active
SUB-34878,9561,Slack,15,Active
SUB-26011,9561,Notion,12,Active
SUB-69600,9561,Zoom,20,Active
SUB-22015,4404,Asana,25,Active
SUB-96870,4404,Slack,15,Active
SUB-37801,4404,Zoom,20,Active
SUB-94109,8699,Asana,25,Active
SUB-93819,8699,Slack,15,Active
SUB-88269,8699,Tableau,70,Active
SUB-12799,8699,Zoom,20,Active
SUB-16629,2880,HubSpot,90,Active
SUB-53713,2880,Slack,15,Active
SUB-41925,2880,Salesforce,150,Active
SUB-26505,2880,Zoom,20,Active
SUB-84000,8195,Notion,12,Active
SUB-36896,8195,Adobe CC,80,Active
SUB-18992,8195,Zoom,20,Active
SUB-82641,8195,Slack,15,Active
SUB-37152,8195,Figma,45,Active
SUB-86858,5102,Asana,25,Active
SUB-38305,5102,Slack,15,Active
SUB-40539,5102,Tableau,70,Active
SUB-53064,5102,Zoom,20,Active
SUB-29340,8708,HubSpot,90,Active
SUB-88116,8708,Slack,15,Active
SUB-10371,8708,Salesforce,150,Active
SUB-46342,8708,Zoom,20,Active
SUB-28964,6260,Asana,25,Active
SUB-27038,6260,HubSpot,90,Active
SUB-80807,6260,Monday.com,30,Active
SUB-42853,6260,Zoom,20,Active
SUB-32871,6260,Slack,15,Active
SUB-24408,6260,Figma,45,Active
SUB-96646,7622,Asana,25,Active
SUB-13379,7622,Slack,15,Active
SUB-27275,7622,Notion,12,Active
SUB-11947,7622,Zoom,20,Active
SUB-56955,4335,HubSpot,90,Active
SUB-41186,4335,Slack,15,Active
SUB-87182,4335,Salesforce,150,Active
SUB-52437,4335,Zoom,20,Active
SUB-12068,7684,Asana,25,Active
SUB-32838,7684,Slack,15,Active
SUB-44782,7684,Tableau,70,Active
SUB-16868,7684,Zoom,20,Active
SUB-26614,9337,Asana,25,Active
SUB-65176,9337,HubSpot,90,Active
SUB-78955,9337,Monday.com,30,Active
SUB-24896,9337,Zoom,20,Active
SUB-18330,9337,Slack,15,Active
SUB-72422,9337,Figma,45,Active
SUB-68756,3236,Asana,25,Active
SUB-57453,3236,HubSpot,90,Active
SUB-77271,3236,Monday.com,30,Active
SUB-87812,3236,Zoom,20,Active
SUB-24293,3236,Slack,15,Active
SUB-69245,3236,Figma,45,Active
